{"5min": {"time": 1670749510.2247448, "gas": 12452729987}, "1hour": {"time": 1670749527.6814713, "lowest_gas": 12452729987, "highest_gas": 12556562422}, "1day": {"time": 1670749527.6814713, "lowest_gas": 12452729987, "highest_gas": 12556562422}}